id,material_number,product_description,pack_size_id,weight
1,2196051,IRL500-5L WHITE NONUN ROUND CAN A/LW2088,1,0.0
2,5065580,INTERGARD 821 EAA820/3L/EU,7,0.0
3,5065581,INTERGARD 821 EAA821/3L/EU,7,0.0
4,5146273,INTERTHERM 715 HAA720/5L/EU,1,0.0
5,5250436,INTERTHERM 751CSA HTA398/5L/EU,1,0.0
6,5293007,HS COLORANT PRIMARY GVA910/5L/EU,1,0.0
7,5293009,HS COLORANT PRIMARY GVA911/5L/EU,1,5.885
8,5293010,HS COLORANT PRIMARY GVA909/5L/EU,1,0.0
9,5293011,HS COLORANT PRIMARY GVA902/5L/EU,1,0.0
10,5293012,HS COLORANT PRIMARY GVA908/5L/EU,1,5.705
11,5293013,HS COLORANT PRIMARY GVA903/5L/EU,1,5.4
12,5293014,HS COLORANT PRIMARY GVA907/5L/EU,1,5.935
13,5293015,HS COLORANT PRIMARY GVA914/5L/EU,1,5.77
14,5293016,HS COLORANT PRIMARY GVA913/5L/EU,1,6.02
15,5293017,HS COLORANT PRIMARY GVA905/5L/EU,1,5.0
16,5293018,HS COLORANT PRIMARY GVA912/5L/EU,1,5.46
17,5293020,HS COLORANT PRIMARY GVA906/5L/EU,1,10.315
18,5303686,INTERCLENE 145 BCA300/5L/XA,1,6.72570161290323
19,5303693,INTERSWIFT 6600 BMA664/20L/XA,2,33.836
20,5303694,INTERSWIFT 6600 BMA664/5L/XA,1,8.459
21,5303700,INTERSWIFT 6800HS BMA684/20L/XA,2,37.026
22,5303701,INTERSWIFT 6800HS BMA684/5L/XA,1,9.2565
23,5303702,INTERSWIFT 6800HS BMA688/20L/XA,2,0.0
24,5303704,INTERSWIFT 6800HS BMA689/20L/XA,2,0.0
25,5303710,INTERSPEED 6200 BQA624/20L/XA,2,34.752
26,5303711,INTERSPEED 6200 BQA624/5L/XA,1,8.688
27,5303716,INTERSPEED 6400 BQA648/20L/XA,2,37.566
28,5303822,INTERLAC 665 CLB000/20L/XA,2,0.0
29,5303823,INTERLAC 665 CLB000/5L/XA,1,5.4095
30,5303828,INTERLAC 665 CLB125/5L/XA,1,0.0
31,5303831,INTERLAC 665 CLB134/5L/XA,1,4.962
32,5303854,INTERLAC 665 CLC287/5L/XA,1,5.07259322033898
33,5303865,INTERLAC 665 CLC935/5L/XA,1,5.1799010989011
34,5303872,INTERLAC 665 CLD260/5L/XA,1,0.0
35,5303900,INTERLAC 665 CLF384/5L/XA,1,5.2935
36,5303905,INTERLAC 665 CLF684/5L/XA,1,0.0
37,5303913,INTERLAC 665 CLJ724/5L/XA,1,0.0
38,5303917,INTERLAC 665 CLK724/5L/XA,1,0.0
39,5303925,INTERLAC 665 CLL549/20L/XA,2,0.0
40,5303926,INTERLAC 665 CLL549/5L/XA,1,5.16716666666667
41,5303955,INTERLAC 665 CLY999/20L/XA,2,0.0
42,5303956,INTERLAC 665 CLY999/5L/XA,1,5.011
43,5303973,INTERPRIME 198 CPA098/20L/XA,2,0.0
44,5303974,INTERPRIME 198 CPA098/5L/XA,1,6.18250458715596
45,5303977,INTERPRIME 198 CPA099/20L/XA,2,24.78
46,5303978,INTERPRIME 198 CPA099/5L/XA,1,6.195
47,5304224,INTERZONE 485 EAA485/20L/XA,2,18.048
48,5304226,INTERZONE 485 EAA486/5L/XA,1,0.0
49,5304228,INTERGARD 821 EAA820/5L/KC,1,0.0
50,5304232,INTERGARD 821 EAA821/5L/KC,1,0.0
51,5304233,INTERZONE 954 EAA959/20L/XA,2,28.544
52,5304234,INTERZONE 954 EAA959/5L/XA,1,0.0
53,5304237,INTERZONE 954 EAA964/1.3L/XA,3,1.0094
54,5304238,INTERZONE 954 EAA964/5L/XA,1,4.03758823529412
55,5304242,INTERZONE 954 EAB132/20L/XA,2,0.0
56,5304314,INTERZONE 954 EAZ000/20L/XA,2,28.092
57,5304315,INTERZONE 954 EAZ000/5L/XA,1,7.023
58,5304411,INTERGARD 740 ECA914/1L/XA,4,0.9286875
59,5304412,INTERGARD 740 ECA914/5L/XA,1,3.71481818181818
60,5304414,INTERGARD 740 ECB000/20L/XA,2,0.0
61,5304415,INTERGARD 740 ECB000/5L/XA,1,5.676
62,5304420,INTERGARD 740 ECB134/20L/XA,2,0.0
63,5304490,INTERGARD 740 ECK724/20L/XA,2,21.672
64,5304514,INTERGARD 740 ECY999/20L/XA,2,0.0
65,5304515,INTERGARD 740 ECY999/5L/XA,1,6.74720833333333
66,5304724,INTERGARD 269 EGA088/20L/XA,2,26.68
67,5304725,INTERGARD 269 EGA088/5L/XA,1,6.67
68,5304728,INTERGARD 269/276 EGA089/1L/XA,4,0.904
69,5304729,INTERGARD 269/276 EGA089/5L/XA,1,3.616
70,5304742,INTERSEAL 670HS EGA230/20L/XA,2,28.431
71,5304743,INTERSEAL 670HS EGA230/5L/XA,1,7.10779674796748
72,5304746,INTERSEAL 670HS EGA236/20L/XA,2,29.237
73,5304747,INTERSEAL 670HS EGA236/5L/XA,1,7.309
74,5304750,INTERSEAL 670HS EGA247/1.3L/XA,3,0.0
75,5304751,INTERSEAL 670HS EGA247/5L/XA,1,2.93640298507463
76,5304890,INTERSEAL 670HS EGY999/20L/XA,2,0.0
77,5304891,INTERSEAL 670HS EGY999/5L/XA,1,7.21859893048128
78,5305436,INTERSHIELD 300 ENA300/20L/XA,2,16.449
79,5305437,INTERSHIELD 300 ENA300/5L/3.125/XA,1,0.0
80,5305440,INTERSHIELD 300 ENA301/20L/XA,2,16.289
81,5305444,INTERSHIELD 300 ENA303/5L/XA,1,4.65
82,5305445,INTERSHIELD 300 ENA303/5L/XA,1,0.0
83,5305552,INTERZINC 42 EPA043/1L/XA,4,0.899
84,5305555,INTERZINC 42 EPA048/5L/XA,1,8.69820512820513
85,5305565,INTERZINC 52/5265/5285 EPA177/3L/XA,7,0.0
86,5305566,INTERCURE 200 EPA213/20L/XA,2,0.0
87,5305573,INTERCURE 200/202 EPA240/5L/XA,1,0.0
88,5305596,INTERZONE 1000 EPA489/5L/XA,1,4.234
89,5305597,INTERZONE 1000 EPA490/20L/XA,2,22.957
90,5305601,INTERZONE 1000 EPA491/20L/XA,2,0.0
91,5305603,INTERZONE 1000 EPA492/20L/XA,2,0.0
92,5305679,INTERGARD 475HS EVA004/20L/XA,2,0.0
93,5305680,INTERGARD 475HS EVA004/5L/XA,1,7.3835
94,5305683,INTERGARD 475HS EVA007/20L/XA,2,0.0
95,5305684,INTERGARD 475HS EVA007/5L/XA,1,0.0
96,5305695,INTERGARD 475HS EVA046/1.3L/XA,3,2.178
97,5305696,INTERGARD 475HS EVA046/5L/XA,1,8.7125
98,5305867,INTERGARD 263/162 FAA262/1.3L/XA,3,0.817
99,5305868,INTERGARD 263/162 FAA262/5L/XA,1,4.0
100,5305869,INTERGARD 263 FAJ034/20L/XA,2,24.515
101,5305870,INTERGARD 263 FAJ034/5L/XA,1,6.12875
102,5306444,INTERNATIONAL GTA004/20L/XA,2,0.0
103,5306446,INTERNATIONAL GTA004/5L/XA,1,0.0
104,5306451,INTERNATIONAL GTA123/20L/XA,2,0.0
105,5306453,INTERNATIONAL GTA203/20L/XA,2,16.2
106,5306456,INTERNATIONAL GTA220/20L/XA,2,0.0
107,5306458,INTERNATIONAL GTA220/5L/XA,1,0.0
108,5306465,INTERNATIONAL GTA713/20L/XA,2,0.0
109,5306466,INTERNATIONAL GTA713/5L/XA,1,4.326
110,5306468,INTERNATIONAL GTA733/20L/XA,2,0.0
111,5306469,INTERNATIONAL GTA733/5L/XA,1,0.0
112,5306471,INTERNATIONAL GTA803/5L/XA,1,0.0
113,5306474,INTERNATIONAL GTA822/20L/XA,2,0.0
114,5306475,INTERNATIONAL GTA822/5L/XA,1,4.272
115,5306478,INTERNATIONAL GTA853/20L/XA,2,0.0
116,5306550,INTERTHERM 875 HAA800/5L/XA,1,5.045
117,5306562,INTERTHERM 875 HAK766/5L/XA,1,5.464
118,5306605,INTERTHERM 891 HTA002/5L/XA,1,4.8335
119,5306614,INTERTHERM 50 HTA097/5L/4.8/XA,1,5.43517647058824
120,5306619,INTERTHERM 50 HTA099/5L/XA,1,0.0
121,5306658,INTERTHERM 228HS HTA541/20L/XA,2,0.0
122,5306663,INTERTHERM 228HS HTA545/5L/XA,1,0.0
123,5306855,INTERTUF 16 JBA016/20L/XA,2,0.0
124,5307073,INTERTUF 203 JVA202/20L/XA,2,0.0
125,5307074,INTERTUF 203 JVA207/20L/XA,2,0.0
126,5307075,INTERTUF 203 JVA207/5L/XA,1,5.63955555555556
127,5307139,INTERBOND 201 KDA100/1.3L/XA,3,0.904
128,5307141,INTERBOND 201 KDA100/5L/XA,1,3.61678571428571
129,5307142,INTERBOND 201 KDF684/20L/XA,2,0.0
130,5307143,INTERBOND 201 KDF684/5L/XA,1,5.91825
131,5307147,INTERBOND 201 KDK724/20L/XA,2,23.163
132,5307148,INTERBOND 201 KDK724/5L/XA,1,5.79083333333333
133,5307153,INTERBOND 201 KDL274/20L/XA,2,23.19
134,5307154,INTERBOND 201 KDL274/5L/XA,1,5.7975
135,5307158,INTERBOND 201 KDL549/20L/XA,2,0.0
136,5307159,INTERBOND 201 KDL549/5L/XA,1,5.705375
137,5307167,INTERGARD 251HS KGA800/20L/XA,2,25.158
138,5307169,INTERGARD 251HS KGA801/5L/XA,1,0.0
139,5307178,INTERGARD 251HS/2511 KGA803/5L/XA,1,6.669
140,5307198,INTERTUF 262 KHA062/1.3L/XA,3,0.904
141,5307199,INTERTUF 262 KHA062/5L/XA,1,3.61716666666667
142,5307204,INTERTUF 262 KHA303/20L/XA,2,22.955
143,5307205,INTERTUF 262 KHA303/5L/XA,1,5.73875
144,5307208,INTERTUF 262 KHA304/20L/XA,2,23.864
145,5307233,INTERBOND 808 KRA850/20L/XA,2,0.0
146,5307238,INTERBOND 808 KRA853/20L/XA,2,0.0
147,5307243,INTERBOND 808 KRA855/5L/XA,1,0.0
148,5307292,INTERSHEEN 579 LAB000/5L/XA,1,5.632
149,5307312,INTERSHEEN 579 LAY999/20L/XA,2,22.008
150,5307319,INTERCEPT 7000 LPA717/20L/XA,2,37.638
151,5309117,INTERTHANE 990 PHA046/1L/XA,4,0.757
152,5309118,INTERTHANE 990 PHA046/5L/XA,1,3.05018181818182
153,5309153,INTERTHANE 990 PHA909/20L/XA,2,0.0
154,5309154,INTERTHANE 990 PHA909/5L/XA,1,4.545
155,5309159,INTERTHANE 990 PHB000/20L/XA,2,21.135
156,5309160,INTERTHANE 990 PHB000/5L/XA,1,5.29
157,5309187,INTERTHANE 990 PHB117/20L/XA,2,18.732
158,5309188,INTERTHANE 990 PHB117/5L/XA,1,4.6885
159,5309198,INTERTHANE 990 PHB134/5L/XA,1,0.0
160,5309406,INTERTHANE 990 PHB915/5L/XA,1,0.0
161,5309490,INTERTHANE 990 PHC065/20L/XA,2,17.843
162,5309497,INTERTHANE 990 PHC065/5L/XA,1,4.46589830508475
163,5309548,INTERTHANE 990 PHC287/20L/XA,2,0.0
164,5309841,INTERTHANE 990 PHD979/5L/XA,1,0.0
165,5310146,INTERTHANE 990 PHL549/5L/XA,1,0.0
166,5310277,INTERTHANE 990 PHR764/5L/XA,1,0.0
167,5310478,INTERTHANE 990 PHY999/20L/XA,2,0.0
168,5310479,INTERTHANE 990 PHY999/5L/XA,1,4.706
169,5310485,INTERTHANE 990 PHZ007/20L/XA,2,21.604
170,5310486,INTERTHANE 990 PHZ007/5L/XA,1,0.0
171,5310744,INTERTHANE 870 QGA046/5L/XA,1,0.0
172,5310840,INTERZINC 22 QHA285/5L/XA,1,4.085
173,5310908,INTERTHANE 976 QPA976/1L/XA,4,0.0
174,5311080,INTERLINE 925 THA125/20L/XA,2,22.457
175,5311083,INTERLINE 925 THA126/5L/XA,1,0.0
176,5311089,INTERLINE 925 THA127/5L/XA,1,8.142
177,5311092,INTERLINE 704 THA700/20L/XA,2,0.0
178,5311094,INTERLINE 704 THA701/20L/XA,2,0.0
179,5311098,INTERLINE 704 THA702/20L/XA,2,24.01
180,5311107,INTERLINE 704 THA702/5L/XA,1,0.0
181,5311110,INTERLINE 704 THA703/1.3L/XA,3,1.03457142857143
182,5311111,INTERLINE 704 THA703/5L/XA,1,4.13825
183,5311124,INTERLINE 984 THA984/20L/XA,2,16.657
184,5311127,INTERLINE 399 TLA390/20L/XA,2,33.39
185,5311133,INTERLINE 399 TLA393/20L/XA,2,33.108
186,5311138,INTERLINE 399 TLA399/5L/XA,1,3.4714
187,5311139,INTERLINE 850 TLA850/20L/XA,2,27.528
188,5311140,INTERLINE 850 TLA850/5L/XA,1,6.882
189,5311143,INTERLINE 850 TLA851/20L/XA,2,27.584
190,5311144,INTERLINE 850 TLA851/5L/XA,1,6.896
191,5311147,INTERLINE 850 TLA856/1.3L/XA,3,0.947
192,5311148,INTERLINE 850 TLA856/5L/XA,1,3.7898
193,5311150,INTERLINE 982 TPA282/20L/XA,2,23.178
194,5311152,INTERLINE 982 TPA283/5L/XA,1,2.10490434782609
195,5311827,INTERTHANE 990 PHF684/20L/XA,2,0.0
196,5311838,INTERTHANE 990 PHF684/5L/XA,1,0.0
197,5311876,INTERTHANE 976 QPA975/5L/XA,1,3.85009677419355
198,5331543,CHARTEK 7 302120/17.74KG/KCE,6,17.74
199,5331548,CHARTEK 7 302130/14.52KG/KC,8,14.52
200,5344794,INTERGARD 345 AAA046/5L/RP,1,0.0
201,5344817,INTERGARD 345 AAZ007/20L/RP,2,0.0
202,5344846,INTERCLENE 145 BCA300/5L/RP,1,0.0
203,5344848,INTERSMOOTH 360 SPC BEA361/20L/RP,2,0.0
204,5344850,INTERSMOOTH 360 SPC BEA368/20L/RP,2,0.0
205,5344853,INTERSMOOTH 360 SPC BEA369/20L/RP,2,0.0
206,5344862,INTERSMOOTH 7460HS SPC BEA752/10L/RP,5,0.0
207,5344863,INTERSMOOTH 7460HS SPC BEA754/20L/RP,2,0.0
208,5344864,INTERSMOOTH 7460HS SPC BEA757/20L/RP,2,0.0
209,5344871,INTERSMOOTH 7465Si SPC BEA814/20L/RP,2,0.0
210,5344872,INTERSMOOTH 7465Si SPC BEA817/20L/RP,2,0.0
211,5344880,INTERSMOOTH 7475Si SPC BEA847/20L/RP,2,0.0
212,5344889,INTERSMOOTH 7670 SPC BEA964/20L/RP,2,0.0
213,5344890,INTERSMOOTH 7670 SPC BEA967/20L/RP,2,0.0
214,5344898,INTERSWIFT 6600 BMA664/20L/RP,2,0.0
215,5344899,INTERSWIFT 6600 BMA664/5L/RP,1,0.0
216,5344902,INTERSWIFT 6600 BMA668/20L/RP,2,0.0
217,5344912,INTERSWIFT 6800HS BMA684/20L/RP,2,0.0
218,5344913,INTERSWIFT 6800HS BMA684/5L/RP,1,0.0
219,5344916,INTERSWIFT 6800HS BMA688/20L/RP,2,0.0
220,5344917,INTERSWIFT 6800HS BMA688/5L/RP,1,0.0
221,5344921,INTERSWIFT 6800HS BMA689/20L/RP,2,0.0
222,5344941,INTERSPEED 376 BQA379/20L/RP,2,0.0
223,5344944,INTERSPEED 5100 BQA524/5L/RP,1,0.0
224,5344948,INTERSPEED 6200 BQA624/20L/RP,2,0.0
225,5344950,INTERSPEED 6200 BQA624/5L/RP,1,0.0
226,5344963,INTERSPEED 6400 BQA644/5L/RP,1,0.0
227,5344966,INTERSPEED 6400 BQA648/20L/RP,2,0.0
228,5344968,INTERSPEED 6400 BQA649/20L/RP,2,0.0
229,5344977,INTERSLEEK 1001 BXA101/10L/RP,5,0.0
230,5344984,INTERSLEEK 1001 BXA104/1L/RP,4,0.0
231,5344985,INTERSLEEK 1001 BXA107/7.5L/RP,1,0.0
232,5344997,INTERSLEEK 731 BXA730/10L/RP,5,0.0
233,5345001,INTERSLEEK 731 BXA731/5L/RP,1,0.0
234,5345003,INTERSLEEK 731 BXA732/10L/RP,5,0.0
235,5345030,INTERLAC 665 CLA106/20L/RP,2,0.0
236,5345032,INTERLAC 665 CLA106/5L/RP,1,0.0
237,5345036,INTERLAC 665 CLA121/20L/RP,2,0.0
238,5345039,INTERLAC 665 CLA121/5L/RP,1,0.0
239,5345040,INTERLAC 665 CLA131/20L/RP,2,0.0
240,5345042,INTERLAC 665 CLA131/5L/RP,1,0.0
241,5345046,INTERLAC 665 CLA151/5L/RP,1,0.0
242,5345053,INTERLAC 665 CLB000/20L/RP,2,0.0
243,5345056,INTERLAC 665 CLB000/5L/RI,1,0.0
244,5345057,INTERLAC 665 CLB000/5L/RP,1,0.0
245,5345067,INTERLAC 665 CLB125/5L/RP,1,0.0
246,5345075,INTERLAC 665 CLB134/20L/RP,2,0.0
247,5345080,INTERLAC 665 CLB134/5L/RP,1,0.0
248,5345095,INTERLAC 665 CLB295/5L/RP,1,0.0
249,5345126,INTERLAC 665 CLC065/5L/RP,1,0.0
250,5345131,INTERLAC 665 CLC287/20L/RP,2,0.0
251,5345136,INTERLAC 665 CLC287/5L/RP,1,0.0
252,5345155,INTERLAC 665 CLC935/5L/RP,1,0.0
253,5345171,INTERLAC 665 CLD260/5L/RP,1,0.0
254,5345192,INTERLAC 665 CLD913/5L/RP,1,0.0
255,5345200,INTERLAC 665 CLE143/5L/RP,1,0.0
256,5345239,INTERLAC 665 CLF384/5L/RP,1,0.0
257,5345252,INTERLAC 665 CLF684/20L/RP,2,0.0
258,5345255,INTERLAC 665 CLF684/5L/RP,1,0.0
259,5345285,INTERLAC 665 CLI942/5L/RP,1,0.0
260,5345296,INTERLAC 665 CLJ724/20L/RP,2,0.0
261,5345299,INTERLAC 665 CLJ724/5L/RI,1,0.0
262,5345300,INTERLAC 665 CLJ724/5L/RP,1,0.0
263,5345310,INTERLAC 665 CLK724/20L/RP,2,0.0
264,5345314,INTERLAC 665 CLK724/5L/RP,1,0.0
265,5345328,INTERLAC 665 CLL274/5L/RP,1,0.0
266,5345336,INTERLAC 665 CLL549/20L/RP,2,0.0
267,5345339,INTERLAC 665 CLL549/5L/RI,1,0.0
268,5345340,INTERLAC 665 CLL549/5L/RP,1,0.0
269,5345355,INTERLAC 665 CLO330/5L/RP,1,0.0
270,5345401,INTERLAC 665 CLY999/20L/RP,2,0.0
271,5345405,INTERLAC 665 CLY999/5L/RP,1,0.0
272,5345414,INTERLAC 665 CLZ540/5L/RP,1,4.74291176470588
273,5345422,INTERLAC 665 CLZ938/5L/RP,1,0.0
274,5345428,INTERPRIME 198 CPA097/20L/RP,2,0.0
275,5345437,INTERPRIME 198 CPA098/20L/RP,2,0.0
276,5345442,INTERPRIME 198 CPA098/5L/RP,1,0.0
277,5345449,INTERPRIME 198 CPA099/20L/RP,2,0.0
278,5345452,INTERPRIME 198 CPA099/5L/RP,1,0.0
279,5345458,INTERPRIME 312 CPA312/5L/RP,1,0.0
280,5345461,INTERPRIME 312 CPA315/5L/RP,1,0.0
281,5345475,INTERLAC 497 CRB000/5L/RP,1,0.0
282,5345557,INTERZONE 485 EAA485/20L/RI,2,0.0
283,5345565,INTERZONE 485 EAA486/5L/RI,1,0.0
284,5345566,INTERZONE 485 EAA486/5L/RP,1,0.0
285,5345567,INTERZONE 485 EAA489/20L/RP,2,0.0
286,5345573,INTERGARD 821 EAA820/2.5L/KC,1,0.0
287,5345578,INTERGARD 821 EAA821/2.5L/KC,1,0.0
288,5345579,INTERZONE 954 EAA904/20L/RP,2,0.0
289,5345583,INTERZONE 954 EAA934/20L/RP,2,0.0
290,5345587,INTERZONE 954 EAA935/20L/RP,2,0.0
291,5345595,INTERZONE 954 EAA953/20L/RP,2,0.0
292,5345596,INTERZONE 954 EAA953/5L/RP,1,0.0
293,5345600,INTERZONE 954 EAA959/20L/RP,2,0.0
294,5345612,INTERZONE 954 EAA964/5L/RP,1,0.0
295,5345621,INTERZONE 954 EAB117/20L/RP,2,0.0
296,5345632,INTERZONE 954 EAC065/20L/RP,2,0.0
297,5345664,INTERZONE 954 EAG135/20L/RP,2,0.0
298,5345718,INTERZONE 954 EAZ000/20L/RP,2,0.0
299,5345740,INTERCURE 420 EBA408/20L/RP,2,0.0
300,5345745,INTERCURE 420 EBA420/5L/RP,1,0.0
301,5345746,INTERSEAL 547 EBA547/1L/RI,4,0.0
302,5345760,INTERSEAL 547 EBY10L/5L/RP,1,0.0
303,5345765,INTERGARD 740 ECA106/20L/RP,2,0.0
304,5345768,INTERGARD 740 ECA106/5L/RP,1,0.0
305,5345774,INTERGARD 740 ECA121/20L/RP,2,0.0
306,5345776,INTERGARD 740 ECA121/5L/RP,1,0.0
307,5345780,INTERGARD 740 ECA131/20L/RP,2,0.0
308,5345782,INTERGARD 740 ECA131/5L/RP,1,0.0
309,5345786,INTERGARD 740 ECA151/20L/RP,2,0.0
310,5345788,INTERGARD 740 ECA151/5L/RP,1,0.0
311,5345798,INTERGARD 740 ECA914/1L/RP,4,0.0
312,5345801,INTERGARD 740 ECA914/5L/RP,1,0.0
313,5345805,INTERGARD 740 ECB000/20L/RP,2,22.88
314,5345807,INTERGARD 740 ECB000/5L/RP,1,0.0
315,5345833,INTERGARD 740 ECB134/20L/RP,2,0.0
316,5345889,INTERGARD 740 ECD260/20L/RP,2,0.0
317,5345936,INTERGARD 740 ECJ724/20L/RP,2,0.0
318,5345938,INTERGARD 740 ECJ724/5L/RP,1,0.0
319,5345949,INTERGARD 740 ECK724/20L/RP,2,0.0
320,5345967,INTERGARD 740 ECL274/20L/RP,2,0.0
321,5345982,INTERGARD 740 ECL549/20L/RP,2,0.0
322,5345984,INTERGARD 740 ECL549/5L/RP,1,0.0
323,5346040,INTERGARD 740 ECY999/20L/RP,2,0.0
324,5346042,INTERGARD 740 ECY999/5L/RP,1,0.0
325,5346075,INTERSEAL 670HS EGA010/5L/RP,1,0.0
326,5346091,INTERGARD 269 EGA088/20L/RP,2,26.989
327,5346094,INTERGARD 269 EGA088/5L/RP,1,0.0
328,5346102,INTERGARD 269/276 EGA089/1L/RP,4,0.0
329,5346106,INTERGARD 269/276 EGA089/5L/RP,1,0.0
330,5346115,INTERSEAL 670HS EGA105/5L/RP,1,0.0
331,5346120,INTERSEAL 670HS EGA130/20L/RP,2,0.0
332,5346123,INTERSEAL 670HS EGA130/5L/RP,1,0.0
333,5346134,INTERSEAL 670HS EGA150/5L/RP,1,0.0
334,5346154,INTERSEAL 670HS EGA230/20L/RP,2,0.0
335,5346156,INTERSEAL 670HS EGA230/5L/RP,1,7.105
336,5346162,INTERSEAL 670HS EGA231/20L/RP,2,0.0
337,5346163,INTERSEAL 670HS EGA231/5L/RP,1,0.0
338,5346167,INTERSEAL 670HS EGA236/20L/RP,2,0.0
339,5346169,INTERSEAL 670HS EGA236/5L/RP,1,0.0
340,5346176,INTERSEAL 670HS EGA244/20L/RP,2,0.0
341,5346177,INTERSEAL 670HS EGA244/5L/RP,1,0.0
342,5346180,INTERSEAL 670HS EGA247/1L/RI,4,0.0
343,5346181,INTERSEAL 670HS EGA247/1L/RP,4,0.0
344,5346183,INTERSEAL 670HS EGA247/3L/RP,7,0.0
345,5346184,INTERSEAL 670HS EGA247/3L/RP,7,0.0
346,5346196,INTERSHIELD 803 EGA807/20L/RP,2,0.0
347,5346203,INTERSHIELD 803 EGA808/20L/RP,2,0.0
348,5346209,INTERSHIELD 803 EGA809/5L/RP,1,0.0
349,5346212,INTERZONE 505 EGA858/20L/RP,2,0.0
350,5346215,INTERZONE 505 EGA865/20L/RP,2,0.0
351,5346225,INTERZONE 505 EGA879/20L/RP,2,0.0
352,5346230,INTERZONE 505 EGA881/20L/RP,2,0.0
353,5346233,INTERZONE 505 EGA886/10L/RP,5,0.0
354,5346243,INTERSHIELD 803PLUS EGA905/5L/RP,1,0.0
355,5346256,INTERZONE 505 EGA976/20L/RP,2,0.0
356,5346258,INTERSEAL 670HS EGB000/20L/RP,2,0.0
357,5346282,INTERSEAL 670HS EGD259/5L/RP,1,0.0
358,5346312,INTERSEAL 670HS EGG135/5L/RP,1,0.0
359,5346423,INTERSEAL 670HS EGZ999/20L/RP,2,0.0
360,5346424,INTERSEAL 670HS EGZ999/5L/RP,1,0.0
361,5346448,INTERGARD 410 EMA080/5L/RP,1,0.0
362,5346504,INTERGARD 410 EMK724/20L/RP,2,0.0
363,5346530,INTERSHIELD 300 ENA300/20L/RP,2,0.0
364,5346533,INTERSHIELD 300 ENA300/5L/RP,1,0.0
365,5346534,INTERSHIELD 300 ENA300/5L/3.57/RP,1,0.0
366,5346554,INTERSHIELD 300 ENA301/20L/RP,2,0.0
367,5346559,INTERSHIELD 300 ENA301/5L/3.57/RP,1,0.0
368,5346580,INTERSHIELD 300 ENA303/2.5L/1.43/RP,1,1.335
369,5346585,INTERSHIELD 300 ENA303/5L/RP,1,0.0
370,5346608,INTERZINC 42 EPA043/1L/RP,4,0.0
371,5346609,INTERZINC 42 EPA043/3L/RP,7,0.0
372,5346610,INTERZINC 42 EPA048/10L/RP,5,0.0
373,5346611,INTERZINC 42 EPA048/5L/RI,1,0.0
374,5346612,INTERZINC 42 EPA048/5L/RP,1,0.0
375,5346616,INTERZINC 52 EPA142/10L/RP,5,23.918
376,5346618,INTERZINC 52 EPA142/5L/RP,1,0.0
377,5346626,INTERZINC 52 EPA177/1L/RP,4,0.0
378,5346628,INTERZINC 52 EPA177/3L/RP,7,0.0
379,5346638,INTERCURE 200 EPA213/20L/RP,2,0.0
380,5346648,INTERCURE 200/202 EPA240/5L/RP,1,0.0
381,5346655,INTERPLUS 256 EPA343/5L/RP,1,0.0
382,5346663,INTERPLUS 256 EPA345/2.5L/RP,1,0.0
383,5346682,INTERZONE 1000 EPA489/5L/RP,1,0.0
384,5346683,INTERZONE 1000 EPA489/5L/OB1/RP,1,0.0
385,5346685,INTERZONE 1000 EPA490/20L/RP,2,0.0
386,5346742,INTERGARD 475HS EVA004/20L/RP,2,0.0
387,5346744,INTERGARD 475HS EVA004/5L/RP,1,0.0
388,5346750,INTERGARD 475HS EVA007/20L/RP,2,0.0
389,5346757,INTERGARD 475HS EVA046/2.5L/RP,1,0.0
390,5346759,INTERGARD 475HS EVA046/5L/RP,1,0.0
391,5346764,INTERGARD 475HS EVA531/20L/RP,2,0.0
392,5346765,INTERGARD 475HS EVA531/5L/RP,1,0.0
393,5346783,INTERGARD 263 FAA262/1L/RP,4,0.0
394,5346785,INTERGARD 263/162 FAA262/5L/RP,1,0.0
395,5346788,INTERGARD 263 FAJ034/20L/RI,2,0.0
396,5346789,INTERGARD 263 FAJ034/20L/RP,2,24.217
397,5346793,INTERGARD 263 FAJ034/5L/RP,1,0.0
398,5346833,INTERSLEEK 1100SR FXA990/10L/RP,5,0.0
399,5346845,INTERSLEEK 1100SR FXA993/2.5L/RP,1,0.0
400,5346847,INTERSLEEK 1100SR FXA994/1L/RP,4,0.0
401,5346848,INTERSLEEK 1100SR FXA997/10L/RP,5,0.0
402,5346854,INTERSLEEK 1100SR FXA999/10L/RP,5,0.0
403,5346857,INTERPRIME 160 GDA160/5L/RP,1,0.0
404,5346863,INTERNATIONAL GMA100/5KG/RP,14,5.0
405,5346865,INTERSEAL 1122 GMA112/15L/RP,1,0.0
406,5346878,INTERNATIONAL GMA131/25KG/RP,14,0.0
407,5346883,INTERNATIONAL GMA131/5KG/RP,14,5.0
408,5346888,RES-Q-STEEL GMA176/1L/RP,4,0.0
409,5346901,INTERNATIONAL GMA736/25KG/RP,14,0.0
410,5346903,INTERNATIONAL GMA737/25L/KC,1,0.0
411,5346911,INTERNATIONAL GTA004/20L/RP,2,0.0
412,5346916,INTERNATIONAL GTA004/5L/RI,1,4.05736363636364
413,5346917,INTERNATIONAL GTA004/5L/RP,1,0.0
414,5346925,INTERNATIONAL GTA007/20L/RI,2,0.0
415,5346926,INTERNATIONAL GTA007/20L/RP,2,0.0
416,5346932,INTERNATIONAL GTA007/5L/RI,1,4.4245
417,5346933,INTERNATIONAL GTA007/5L/RP,1,0.0
418,5346942,INTERNATIONAL GTA123/20L/RP,2,0.0
419,5346944,INTERNATIONAL GTA123/5L/RP,1,0.0
420,5346948,INTERNATIONAL GTA203/20L/RI,2,0.0
421,5346949,INTERNATIONAL GTA203/20L/RP,2,0.0
422,5346951,INTERNATIONAL GTA203/5L/RP,1,0.0
423,5346960,INTERNATIONAL GTA220/20L/RP,2,0.0
424,5346968,INTERNATIONAL GTA220/5L/RP,1,0.0
425,5346978,INTERNATIONAL GTA415/5L/RP,1,0.0
426,5346983,INTERNATIONAL GTA713/20L/RP,2,0.0
427,5346989,INTERNATIONAL GTA713/5L/RP,1,0.0
428,5346990,INTERNATIONAL GTA713/5L/E9,1,0.0
429,5346997,INTERNATIONAL GTA733/20L/RP,2,17.434
430,5347000,INTERNATIONAL GTA733/5L/RP,1,0.0
431,5347003,INTERNATIONAL GTA803/20L/RP,2,0.0
432,5347005,INTERNATIONAL GTA803/5L/RP,1,0.0
433,5347008,INTERNATIONAL GTA822/20L/RP,2,0.0
434,5347013,INTERNATIONAL GTA822/5L/RP,1,0.0
435,5347021,INTERNATIONAL GTA853/5L/RP,1,0.0
436,5347023,INTERNATIONAL GVA122/5L/RP,1,0.0
437,5347026,INTERNATIONAL GVA124/5L/RP,1,0.0
438,5347028,INTERNATIONAL GVA126/5L/RP,1,0.0
439,5347029,INTERNATIONAL GVA127/5L/RP,1,0.0
440,5347031,INTERNATIONAL GVA134/5L/RP,1,0.0
441,5347033,INTERNATIONAL (OBSOLETE) GVA139/5L/RP,1,0.0
442,5347034,INTERNATIONAL GVA140/5L/RP,1,0.0
443,5347036,INTERNATIONAL GVA142/5L/RP,1,0.0
444,5347038,INTERNATIONAL GVA145/5L/RP,1,0.0
445,5347040,INTERNATIONAL GVA146/5L/RP,1,0.0
446,5347042,INTERNATIONAL GVA147/5L/RP,1,0.0
447,5347044,INTERNATIONAL GVA149/5L/RP,1,0.0
448,5347046,INTERNATIONAL GVA322/5L/RP,1,0.0
449,5347047,INTERNATIONAL GVA322/5L/RI,1,0.0
450,5347048,INTERNATIONAL GVA480/5L/RP,1,0.0
451,5347052,HS COLORANT PRIMARY GVA902/5L/RP,1,5.665
452,5347054,HS COLORANT PRIMARY GVA903/5L/RP,1,5.41
453,5347057,HS COLORANT PRIMARY GVA904/5L/RP,1,5.805
454,5347060,HS COLORANT PRIMARY GVA905/5L/RP,1,10.83
455,5347063,HS COLORANT PRIMARY RED GVA906/5L/RP,1,10.315
456,5347066,HS COLORANT PRIMARY GVA907/5L/RP,1,5.935
457,5347069,HS COLORANT PRIMARY BLUE GVA908/5L/RP,1,5.71
458,5347072,HS COLORANT PRIMARY GVA909/5L/RP,1,8.125
459,5347075,HS COLORANT PRIMARY FAST GVA910/5L/RP,1,5.825
460,5347078,HS COLORANT PRIMARY GVA911/5L/RP,1,5.835
461,5347081,HS COLORANT PRIMARY GVA912/5L/RP,1,4.151
462,5347084,HS COLORANT PRIMARY GVA913/5L/RP,1,9.23
463,5347087,HS COLORANT PRIMARY GVA914/5L/RP,1,5.97
464,5347089,INTERTHERM 715 HAA720/5L/RP,1,0.0
465,5347093,INTERTHERM 875 HAA800/5L/RP,1,0.0
466,5347096,INTERTHERM 875 HAB000/5L/RP,1,0.0
467,5347097,INTERTHERM 875 HAB132/5L/RP,1,0.0
468,5347100,INTERTHERM 875 HAK766/5L/RP,1,0.0
469,5347122,CHARTEK 1709 HCA179/17.85KG/KCE,10,0.0
470,5347126,CHARTEK 1709 HCA180/14.3KG/KC,9,14.3
471,5347130,INTERCHAR 212 HCA212/17.85KG/KCE,10,0.0
472,5347135,INTERCHAR 212 HCA213/14.3KG/KC,9,0.0
473,5347138,CHARTEK 8E HCA280/17.85KG/KCE,10,0.0
474,5347143,CHARTEK 8E HCA281/14.3KG/KC,9,0.0
475,5347151,INTERCHAR 1190 HFA190/20L/RI,2,0.0
476,5347168,INTERZONE 2000 HGA329/10L/RP,5,0.0
477,5347170,INTERZONE 2000 HGA332/10L/RP,5,0.0
478,5347172,INTERZONE 2000 HGA333/10L/RP,5,0.0
479,5347174,INTERZONE 2000 HGA371/1L/RP,4,0.0
480,5347178,INTERFINE 629 HRA100/20L/RP,2,0.0
481,5347182,INTERFINE 629 HRA130/20L/RP,2,0.0
482,5347216,INTERTHERM 891 HTA002/5L/RP,1,0.0
483,5347241,INTERTHERM 50 HTA097/5L/4.8/RP,1,0.0
484,5347257,INTERBOND 1202UPC HTA120/5L/RP,1,0.0
485,5347267,INTERTHERM 3070 HTA130/20L/RP,2,0.0
486,5347268,INTERTHERM 3070 HTA130/5L/RP,1,0.0
487,5347271,INTERTHERM 3070 HTA131/20L/RI,2,0.0
488,5347272,INTERTHERM 3070 HTA131/20L/RP,2,0.0
489,5347274,INTERTHERM 3070 HTA131/5L/RP,1,0.0
490,5347279,INTERTHERM 3070 HTA132/20L/RP,2,0.0
491,5347285,INTERTHERM 3070 HTA136/1L/RP,4,0.0
492,5347286,INTERTHERM 3070 HTA136/5L/RI,1,2.38
493,5347288,INTERTHERM 3070 HTA136/2.5L/RP,1,0.0
494,5347289,INTERBOND 1202UPC HTA160 HTA160/20L/RI,2,16.83
495,5347290,INTERBOND 1202UPC HTA160/20L/RP,2,0.0
496,5347291,INTERBOND 1202UPC HTA160 HTA160/5L/RP,1,0.0
497,5347294,INTERBOND 1202UPC HTA166/1LT/RP,4,0.0
498,5347295,INTERBOND 1202UPC HTA166/1L/140ML/RP,4,0.0
499,5347296,INTERTHERM 890 HTA290/5L/RP,1,0.0
500,5347299,INTERTHERM 890 HTA291/5L/RP,1,0.0
501,5347305,INTERBOND 2340UPC HTA340/20L/RP,2,0.0
502,5347306,INTERBOND 2340UPC HTA340/5L/RP,1,0.0
503,5347311,INTERBOND 2340UPC HTA342/20L/RP,2,0.0
504,5347319,INTERBOND 2340UPC HTA346/1L/RP,4,0.0
505,5347321,INTERBOND 2340UPC HTA346/5L/RP,1,0.0
506,5347324,INTERTHERM 751CSA HTA398/5L/RP,1,0.0
507,5347342,INTERTHERM 228 HTA441/20L/RP,2,0.0
508,5347367,INTERTHERM 228HS HTA541/20L/RP,2,0.0
509,5347375,INTERTHERM 228HS HTA542/20L/RP,2,0.0
510,5347385,INTERTHERM 228HS HTA545/5L/RP,1,0.0
511,5347387,INTERTHERM 181 HTA751/9.75L/RP,1,0.0
512,5347389,INTERTHERM 181 HTA752/0.25L/RP,1,0.0
513,5347394,INTERLAC 678 HVA022/5L/RP,1,0.0
514,5347398,INTERLAC 648 HXA027/5L/RP,1,0.0
515,5347417,INTERSTORES POLYURETHANE ISA210/20L/RP,2,0.0
516,5347424,INTERSTORES POLYURETHANE ISA220/20L/RP,2,0.0
517,5347428,INTERSTORES POLYURETHANE ISA230/20L/RP,2,0.0
518,5347432,INTERSTORES POLYURETHANE ISA240/20L/RP,2,0.0
519,5347436,INTERSTORES POLYURETHANE ISA246/3L/RP,7,0.0
520,5347441,INTERSTORES POLYURETHANE ISA260/20L/RP,2,0.0
521,5347444,INTERSTORES EPOXY PRIMER ISA420/20L/RP,2,0.0
522,5347454,INTERSTORES EPOXY PRIMER ISA426/5L/RP,1,0.0
523,5347457,INTERSTORES EPOXY PRIMER ISA430/20L/RP,2,0.0
524,5347462,INTERSTORES EPOXY PRIMER ISA450/20L/RP,2,0.0
525,5347472,INTERSTORES ALKYD ISA510/20L/RP,2,0.0
526,5347475,INTERSTORES ALKYD ISA510/5L/RP,1,0.0
527,5347478,INTERSTORES ALKYD ISA520/20L/RP,2,0.0
528,5347481,INTERSTORES ALKYD ISA530/20L/RP,2,0.0
529,5347484,INTERSTORES ALKYD ISA540/20L/RP,2,0.0
530,5347486,INTERSTORES ALKYD ISA550/20L/RP,2,0.0
531,5347488,INTERSTORES ALKYD ISA560/20L/RP,2,0.0
532,5347490,INTERSTORES ALKYD PRIMER ISA720/20L/RP,2,0.0
533,5347497,INTERTUF 16 JBA016/5L/RP,1,0.0
534,5347499,INTERTUF 203 JVA202/20L/RP,2,0.0
535,5347507,INTERTUF 203 JVA207/20L/RP,2,0.0
536,5347509,INTERTUF 203 JVA207/5L/RP,1,0.0
537,5347551,INTERBOND 201 KDA100/1L/RP,4,0.0
538,5347554,INTERBOND 201 KDA100/5L/RP,1,0.0
539,5347587,INTERBOND 201 KDF684/20L/RP,2,0.0
540,5347589,INTERBOND 201 KDF684/5L/RP,1,0.0
541,5347610,INTERBOND 201 KDK724/20L/RP,2,0.0
542,5347612,INTERBOND 201 KDK724/5L/RP,1,0.0
543,5347626,INTERBOND 201 KDL274/20L/RP,2,0.0
544,5347628,INTERBOND 201 KDL274/5L/RP,1,0.0
545,5347643,INTERBOND 201 KDL549/20L/RP,2,0.0
546,5347645,INTERBOND 201 KDL549/5L/RP,1,0.0
547,5347677,INTERBOND 201 KDZ938/5L/RP,1,0.0
548,5347694,INTERGARD 251HS KGA800/20L/RP,2,0.0
549,5347716,INTERGARD 251HS/2511 KGA801/5L/RP,1,0.0
550,5347721,INTERGARD 251HS/2511 KGA803/5L/RI,1,0.0
551,5347722,INTERGARD 251HS/2511 KGA803/5L/RP,1,0.0
552,5347725,INTERGARD 251HS/2511 KGA832/5L/RP,1,0.0
553,5347729,INTERGARD 251 KGA901/1L/RP,4,0.0
554,5347731,INTERGARD 251 KGA901/5L/RP,1,3.66878947368421
555,5347733,INTERGARD 251 KGA902/20L/RP,2,0.0
556,5347735,INTERGARD 251 KGA902/5L/RP,1,0.0
557,5347754,INTERTUF 262 KHA062/1L/RP,4,0.0
558,5347756,INTERTUF 262 KHA062/5L/RP,1,0.0
559,5347769,INTERTUF 262 KHA303/20L/RP,2,23.351
560,5347772,INTERTUF 262 KHA303/5L/RP,1,5.754
561,5347782,INTERTUF 262 KHA304/20L/RP,2,0.0
562,5347784,INTERTUF 262 KHA304/5L/RP,1,0.0
563,5347830,INTERBOND 808 KRA850/20L/RP,2,0.0
564,5347844,INTERBOND 808 KRA853/20L/RP,2,0.0
565,5347861,INTERBOND 808 KRA855/5L/RP,1,0.0
566,5347864,INTERGARD 5600 KUA602/20L/RP,2,0.0
567,5347867,INTERGARD 5600 KUA603/5L/RP,1,0.0
568,5347869,INTERGARD 5600 KUA606/20L/RP,2,0.0
569,5347871,INTERGARD 7500 KUA750/15L/KCE,1,0.0
570,5347875,INTERGARD 7500 KUA752/15L/KCE,1,0.0
571,5347896,INTERSHEEN 579 LAA106/20L/RP,2,0.0
572,5347900,INTERSHEEN 579 LAA106/5L/RP,1,0.0
573,5347902,INTERSHEEN 579 LAA121/5L/RP,1,0.0
574,5347904,INTERSHEEN 579 LAA131/20L/RP,2,0.0
575,5347909,INTERSHEEN 579 LAA151/5L/RP,1,0.0
576,5347913,INTERSHEEN 579 LAB000/20L/RP,2,0.0
577,5347916,INTERSHEEN 579 LAB000/5L/RP,1,0.0
578,5347993,INTERSHEEN 579 LAK724/20L/RP,2,0.0
579,5348016,INTERSHEEN 579 LAL549/20L/RP,2,0.0
580,5348021,INTERSHEEN 579 LAL549/5L/RP,1,0.0
581,5348044,INTERSHEEN 579 LAY999/20L/RP,2,0.0
582,5348048,INTERSHEEN 579 LAY999/5L/RP,1,0.0
583,5348057,INTERCEPT 7000 LPA717/20L/RP,2,37.226
584,5348067,INTERCEPT 8500 LPP LPP857/20L/RP,2,0.0
585,5348080,EIGHTY8HUNDRED 8818 MKA002/5L/RP,1,0.0
586,5348085,EIGHTY8HUNDRED 8818 MKA004/1L/RP,4,0.0
587,5348096,EIGHTY8HUNDRED 8840 MKA071/5L/RP,1,0.0
588,5348099,EIGHTY8HUNDRED 8840 MKA133/2.5L/RP,1,0.0
589,5348124,EIGHTY8HUNDRED 8845 MNA046/1L/RP,4,0.0
590,5348144,EIGHTY8HUNDRED 8860 MWB000/5L/RP,1,0.0
591,5348164,CEILCOTE #2 HARDENER NCA003/1L/RI,4,0.0
592,5348166,CEILCOTE #2 HARDENER NCA003/1L/0.3L/RI,4,0.0
593,5348171,CEILCOTE #2 HARDENER NCA003/1L/0.3/RP,4,0.0
594,5348172,CEILCOTE #2 HARDENER NCA003/1L/0.37/RP,4,0.0
595,5348175,CEILCOTE 242 FLAKELINE NCA009/20L/RI,2,0.0
596,5348176,CEILCOTE 242 FLAKELINE NCA009/20L/RP,2,0.0
597,5348178,CEILCOTE 242 FLAKELINE NCA010/20L/RI,2,0.0
598,5348179,CEILCOTE 242 FLAKELINE NCA010/20L/RP,2,0.0
599,5348199,CEILCOTE 2000 FLAKELINE NCA020/20L/RP,2,0.0
600,5348212,CEILCOTE 222GF FLAKELINE NCA022/20L/RP,2,0.0
601,5348220,CEILCOTE #9 HARDENER NCA033/0.9475L/RP,1,0.0
602,5348239,CEILCOTE 380 NCA061/20L/RI,2,0.0
603,5348240,CEILCOTE 380 PRIMER NCA061/20L/RP,2,0.0
604,5348251,CEILCOTE 370HT PRIMER NCA067/20L/RI,2,0.0
605,5348259,CEILCOTE T-410 NCA082/20L/RI,2,0.0
606,5348260,CEILCOTE T-410 NCA082/20L/RP,2,0.0
607,5348262,CEILCOTE 232 FLAKELINE NCA109/20L/RP,2,0.0
608,5348281,CEILCOTE STYRENE NCA900/20L/RI,2,0.0
609,5348282,CEILCOTE STYRENE NCA900/20L/RP,2,0.0
610,5348310,INTERPLATE 317 NQA311/5L/RP,1,0.0
611,5348318,INTERPLATE 317 NQA313/5L/RP,1,0.0
612,5348325,INTERPLATE 317 NQA317/5L/RP,1,0.0
613,5348326,INTERPLATE 317 NQA317/5L/IP/RP,1,0.0
614,5348353,ENVIROLINE 376F-30 NVA375/10L/RP,5,0.0
615,5348355,ENVIROLINE 376F-30 NVA376/20L/RP,2,0.0
616,5348384,ENVIROLINE 405HTR NVA463/20L/RP,2,0.0
617,5348392,ENVIROLINE 405HTR NVA465/10L/RP,5,0.0
618,5348481,ODIN GEL ODINGEL/25L/RI,1,0.0
619,5348834,INTERTHANE 990 PH700C/5L/RP,1,0.0
620,5348840,INTERTHANE 990 PHA046/1L/RI,4,0.0
621,5348841,INTERTHANE 990 PHA046/1L/RP,4,0.0
622,5348851,INTERTHANE 990 PHA046/3L => use 5348852,7,0.0
623,5348852,INTERTHANE 990 PHA046/3L/RP,7,3.045
624,5348859,INTERTHANE 990 PHA100/20L/RP,2,0.0
625,5348861,INTERTHANE 990 PHA100/5L/RP,1,0.0
626,5348871,INTERTHANE 990 PHA120/20L/RP,2,0.0
627,5348873,INTERTHANE 990 PHA120/5L/RP,1,0.0
628,5348878,INTERTHANE 990 PHA130/20L/RP,2,0.0
629,5348880,INTERTHANE 990 PHA130/5L/RP,1,0.0
630,5348886,INTERTHANE 990 PHA140/20L/RP,2,0.0
631,5348888,INTERTHANE 990 PHA140/5L/RP,1,0.0
632,5348893,INTERTHANE 990 PHA150/20L/RP,2,0.0
633,5348895,INTERTHANE 990 PHA150/5L/RP,1,0.0
634,5348901,INTERTHANE 990 PHA190/20L/RP,2,0.0
635,5348903,INTERTHANE 990 PHA190/5L/RP,1,0.0
636,5348907,INTERTHANE 5013 PHA276/5L/RP,1,0.0
637,5348909,INTERTHANE 5013 PHA297/1L/RP,4,0.0
638,5348924,INTERTHANE 990 PHA909/5L/RP,1,0.0
639,5348928,INTERTHANE 990 PHB000/20L/RP,2,0.0
640,5348930,INTERTHANE 990 PHB000/5L/RP,1,0.0
641,5348955,INTERTHANE 990 PHB117/20L/RP,2,0.0
642,5348957,INTERTHANE 990 PHB117/5L/RP,1,0.0
643,5348966,INTERTHANE 990 PHB125/20L/RP,2,0.0
644,5348983,INTERTHANE 990 PHB134/5L/RP,1,0.0
645,5349002,INTERTHANE 990 PHB168/5L/RP,1,0.0
646,5349008,INTERTHANE 990 PHB169/5L/RP,1,0.0
647,5349021,INTERTHANE 990 PHB284/5L/RP,1,0.0
648,5349038,INTERTHANE 990 PHB299/5L/RP,1,0.0
649,5349077,INTERTHANE 990 PHB915/5L/RP,1,0.0
650,5349111,INTERTHANE 990 PHC065/20L/RP,2,0.0
651,5349112,INTERTHANE 990 PHC065/5L/RP,1,0.0
652,5349122,INTERTHANE 990 PHC209/20L/RP,2,0.0
653,5349135,INTERTHANE 990 PHC261/5L/RP,1,0.0
654,5349142,INTERTHANE 990 PHC287/5L/RP,1,0.0
655,5349155,INTERTHANE 990 PHC296/5L/RP,1,0.0
656,5349159,INTERTHANE 990 PHC301/20L/RP,2,0.0
657,5349225,INTERTHANE 990 PHD227/5L/RP,1,0.0
658,5349239,INTERTHANE 990 PHD260/20L/RP,2,0.0
659,5349241,INTERTHANE 990 PHD260/5L/RP,1,0.0
660,5349294,INTERTHANE 990 PHD979/5L/RP,1,0.0
661,5349303,INTERTHANE 990 PHE017/5L/RP,1,0.0
662,5349335,INTERTHANE 990 PHE298/5L/RP,1,0.0
663,5349341,INTERTHANE 990 PHE322/5L/RP,1,0.0
664,5349394,INTERTHANE 990 PHF000/5L/RP,1,0.0
665,5349400,INTERTHANE 990 PHF273/5L/RP,1,0.0
666,5349428,INTERTHANE 990 PHF684/20L/RP,2,0.0
667,5349430,INTERTHANE 990 PHF684/5L/RP,1,0.0
668,5349498,INTERTHANE 990 PHH745/5L/RP,1,0.0
669,5349554,INTERTHANE 990 PHJ724/20L/RP,2,0.0
670,5349568,INTERTHANE 990 PHK363/5L/RP,1,0.0
671,5349600,INTERTHANE 990 PHK766/5L/RP,1,0.0
672,5349607,INTERTHANE 990 PHL274/20L/RP,2,0.0
673,5349609,INTERTHANE 990 PHL274/5L/RP,1,0.0
674,5349630,INTERTHANE 990 PHL549/20L/RP,2,0.0
675,5349633,INTERTHANE 990 PHL549/5L/RP,1,0.0
676,5349645,INTERTHANE 990 PHL570/5L/RP,1,0.0
677,5349655,INTERTHANE 990 PHM001/20L/RP,2,0.0
678,5349656,INTERTHANE 990 PHM001/5L/RP,1,0.0
679,5349663,INTERTHANE 990 PHM051/20L/RP,2,0.0
680,5349734,INTERTHANE 990 PHO095/5L/RP,1,0.0
681,5349783,INTERTHANE 990 PHP27V/5L/RP,1,0.0
682,5349820,INTERTHANE 990 PHR764/5L/RP,1,0.0
683,5349865,INTERTHANE 990 PHS64P/5L/RP,1,0.0
684,5350071,INTERTHANE 990 PHY999/20L/RP,2,0.0
685,5350073,INTERTHANE 990 PHY999/5L/RP,1,4.647
686,5350095,INTERTHANE 990 PHZ007/20L/RP,2,0.0
687,5350096,INTERTHANE 990 PHZ007/5L/RP,1,0.0
688,5350121,INTERTHANE 990 PHZ540/5L/RP,1,0.0
689,5350130,INTERTHANE 990 PHZ651/5L/RP,1,0.0
690,5350150,INTERTHANE 990 PHZ820/5L/RP,1,0.0
691,5350178,INTERTHANE 990 PHZ919/20L/RP,2,0.0
692,5350186,INTERTHANE 987 PLA046/1L/RP,4,0.0
693,5350192,INTERTHANE 987 PLM300/5L/RP,1,0.0
694,5350204,INTERTHANE 987 PLZ684/5L/RP,1,0.0
695,5350223,INTERTHANE 870/870UHS QGA046/1L/RP,4,0.0
696,5350226,INTERTHANE 870/870UHS QGA046/3L/RP,7,0.0
697,5350229,INTERTHANE 870 QGA100/20L/RP,2,0.0
698,5350237,INTERTHANE 870 QGA130/5L/RP,1,0.0
699,5350246,INTERTHANE 870 QGB000/20L/RP,2,0.0
700,5350267,INTERTHANE 870 QGD704/20L/RP,2,0.0
701,5350312,INTERZINC 22 QHA027/5L/RP,1,8.662
702,5350320,INTERZINC 2280 QHA080/5L/RI,1,4.944
703,5350321,INTERZINC 2280 QHA080/4.33L/RP,7,4.933
704,5350329,INTERZINC 22 QHA285/5L/RP,1,0.0
705,5350343,INTERTHANE 976 QPA975/5L/RP,1,0.0
706,5350347,INTERTHANE 976 QPA976/1L/RP,4,0.0
707,5350353,INTERCRYL 700 QYF684/5L/RP,1,0.0
708,5350367,INTERTHANE 1009 RHB000/20L/RP,2,0.0
709,5350528,INTERLINE 994 TCA993/20L/RP,2,0.0
710,5350533,INTERLINE 994 TCA994/20L/RP,2,0.0
711,5350547,INTERLINE 994 TCA995/5L/RI,1,2.39
712,5350549,INTERLINE 994 TCA995/2.5L/RP,1,0.0
713,5350551,INTERLINE 955 TEA150/1L/RP,4,0.0
714,5350556,INTERLINE 955 TEA603/20L/RP,2,0.0
715,5350559,INTERLINE 1064 TEA864/1L/RI,4,0.424
716,5350560,INTERLINE 1064 TEA864/1L/RP,4,0.0
717,5350564,INTERLINE 1064 TEA866/20L/RI,2,0.0
718,5350569,INTERLINE 1064 TEA867/20L/RI,2,24.912
719,5350570,INTERLINE 1064 TEA867/20L/RP,2,0.0
720,5350574,INTERLINE 944 THA044/5L/RI,1,0.0
721,5350575,INTERLINE 944 THA044/5L/RP,1,0.0
722,5350578,INTERLINE 925 THA125/20L/RP,2,0.0
723,5350589,INTERLINE 925 THA126/5L/RP,1,0.0
724,5350597,INTERLINE 925 THA127/5L/RP,1,0.0
725,5350612,INTERLINE 704 THA700/20L/RP,2,0.0
726,5350613,INTERLINE 704 THA700/5L/RP,1,0.0
727,5350618,INTERLINE 704 THA701/20L/RP,2,0.0
728,5350621,INTERLINE 704 THA702/20L/RP,2,0.0
729,5350631,INTERLINE 704 THA703/5L/RP,1,0.0
730,5350639,INTERLINE 975 THA970/20L/RI,2,0.0
731,5350643,INTERLINE 975 THA972/5L/RI,1,0.0
732,5350647,INTERLINE 984 THA982/10L/RP,5,0.0
733,5350652,INTERLINE 984 THA984/20L/RP,2,0.0
734,5350655,INTERLINE 984 THA987/10L/RP,5,0.0
735,5350662,INTERLINE 944 THB000/20L/RP,2,0.0
736,5350670,INTERLINE 944 THE138/20L/RP,2,0.0
737,5350680,INTERLINE 399 TLA390/20L/RP,2,0.0
738,5350688,INTERLINE 399 TLA393/20L/RP,2,0.0
739,5350698,INTERLINE 399 TLA399/5L/RP,1,0.0
740,5350700,INTERLINE 850 TLA850/20L/RP,2,0.0
741,5350702,INTERLINE 850 TLA850/5L/RP,1,0.0
742,5350710,INTERLINE 850 TLA851/20L/RP,2,0.0
743,5350712,INTERLINE 850 TLA851/5L/RP,1,0.0
744,5350721,INTERLINE 850 TLA856/1L/RI,4,0.0
745,5350722,INTERLINE 850/859 TLA856/1L/RP,4,0.95075
746,5350724,INTERLINE 850/859 TLA856/5L/RP,1,0.0
747,5350725,INTERLINE 982 TPA018/20L/RP,2,0.0
748,5350728,INTERLINE 982 TPA019/2.5L/RP,1,0.0
749,5350735,INTERLINE 982 TPA283/5L/RI,1,2.105
750,5350738,INTERPRIME 539 VTA538/5L/RP,1,0.0
751,5351226,INTERZONE 954GF ZFA001/20L/RP,2,0.0
752,5351228,INTERZONE 954GF ZFA046/5L/RP,1,0.0
753,5352044,INTERLAC 665 CLA106/20L PG1,2,0.0
754,5352045,INTERLAC 665 CLA106/20L PG2,2,0.0
755,5352046,INTERLAC 665 CLA106/20L PG3,2,0.0
756,5352047,INTERLAC 665 CLA106/20L PG4,2,0.0
757,5352048,INTERLAC 665 CLA106/20L PG5,2,0.0
758,5352049,INTERLAC 665 CLA106/20L PG6,2,0.0
759,5352052,INTERLAC 665 CLA106/5L PG1,1,0.0
760,5352053,INTERLAC 665 CLA106/5L PG2,1,0.0
761,5352054,INTERLAC 665 CLA106/5L PG3,1,0.0
762,5352055,INTERLAC 665 CLA106/5L PG4,1,0.0
763,5352056,INTERLAC 665 CLA106/5L PG5,1,0.0
764,5352057,INTERLAC 665 CLA106/5L PG6,1,0.0
765,5352059,INTERLAC 665 CLA121/20L PG1,2,0.0
766,5352060,INTERLAC 665 CLA121/20L PG2,2,0.0
767,5352062,INTERLAC 665 CLA121/5L PG1,1,0.0
768,5352063,INTERLAC 665 CLA121/5L PG2,1,0.0
769,5352064,INTERLAC 665 CLA131/20L PG1,2,0.0
770,5352065,INTERLAC 665 CLA131/20L PG2,2,0.0
771,5352067,INTERLAC 665 CLA131/5L PG1,1,0.0
772,5352068,INTERLAC 665 CLA131/5L PG2,1,0.0
773,5352071,INTERLAC 665 CLA151/5L PG6,1,0.0
774,5352072,INTERZONE 954 EAA904/20L PG2,2,0.0
775,5352074,INTERZONE 954 EAA914/20L PG6,2,0.0
776,5352076,INTERZONE 954 EAA934/20L PG1,2,0.0
777,5352080,INTERGARD 740 ECA106/20L PG1,2,0.0
778,5352081,INTERGARD 740 ECA106/20L PG2,2,0.0
779,5352082,INTERGARD 740 ECA106/20L PG3,2,0.0
780,5352083,INTERGARD 740 ECA106/20L PG4,2,0.0
781,5352084,INTERGARD 740 ECA106/20L PG5,2,0.0
782,5352085,INTERGARD 740 ECA106/20L PG6,2,0.0
783,5352087,INTERGARD 740 ECA106/5L PG2,1,0.0
784,5352088,INTERGARD 740 ECA106/5L PG3,1,0.0
785,5352089,INTERGARD 740 ECA106/5L PG5,1,0.0
786,5352090,INTERGARD 740 ECA106/5L PG6,1,0.0
787,5352102,INTERGARD 740 ECA121/20L PG1,2,0.0
788,5352103,INTERGARD 740 ECA121/20L PG2,2,0.0
789,5352105,INTERGARD 740 ECA121/5L PG1,1,0.0
790,5352106,INTERGARD 740 ECA121/5L PG2,1,0.0
791,5352111,INTERGARD 740 ECA131/20L PG1,2,0.0
792,5352113,INTERGARD 740 ECA131/5L PG1,1,0.0
793,5352114,INTERGARD 740 ECA131/5L PG2,1,0.0
794,5352117,INTERGARD 740 ECA151/20L PG6,2,0.0
795,5352119,INTERGARD 740 ECA151/5L PG6,1,0.0
796,5352122,INTERSEAL 670HS EGA105/20L PG5,2,0.0
797,5352124,INTERSEAL 670HS EGA105/5L PG5,1,0.0
798,5352127,INTERSEAL 670HS EGA130/20L PG1,2,0.0
799,5352129,INTERSEAL 670HS EGA130/5L PG1,1,0.0
800,5352133,INTERSEAL 670HS EGA150/5L PG6,1,0.0
801,5352150,INTERSHEEN 579 LAA106/20L PG1,2,0.0
802,5352151,INTERSHEEN 579 LAA106/20L PG2,2,0.0
803,5352152,INTERSHEEN 579 LAA106/20L PG4,2,0.0
804,5352153,INTERSHEEN 579 LAA106/20L PG5,2,0.0
805,5352154,INTERSHEEN 579 LAA106/20L PG6,2,0.0
806,5352157,INTERSHEEN 579 LAA106/5L PG1,1,0.0
807,5352158,INTERSHEEN 579 LAA106/5L PG2,1,0.0
808,5352159,INTERSHEEN 579 LAA106/5L PG5,1,0.0
809,5352160,INTERSHEEN 579 LAA121/20L PG1,2,0.0
810,5352161,INTERSHEEN 579 LAA121/20L PG2,2,0.0
811,5352162,INTERSHEEN 579 LAA121/5L PG1,1,0.0
812,5352163,INTERSHEEN 579 LAA131/20L PG1,2,0.0
813,5352166,INTERSHEEN 579 LAA131/5L PG1,1,0.0
814,5352169,INTERSHEEN 579 LAA151/5L PG6,1,0.0
815,5352177,INTERTHANE 990 PHA100/20L PG1,2,0.0
816,5352178,INTERTHANE 990 PHA100/20L PG2,2,0.0
817,5352179,INTERTHANE 990 PHA100/20L PG3,2,0.0
818,5352180,INTERTHANE 990 PHA100/20L PG4,2,0.0
819,5352181,INTERTHANE 990 PHA100/20L PG5,2,0.0
820,5352182,INTERTHANE 990 PHA100/20L PG6,2,0.0
821,5352184,INTERTHANE 990 PHA100/5L PG1,1,0.0
822,5352185,INTERTHANE 990 PHA100/5L PG2,1,0.0
823,5352186,INTERTHANE 990 PHA100/5L PG3,1,0.0
824,5352187,INTERTHANE 990 PHA100/5L PG4,1,0.0
825,5352188,INTERTHANE 990 PHA100/5L PG5,1,0.0
826,5352189,INTERTHANE 990 PHA100/5L PG6,1,0.0
827,5352203,INTERTHANE 990 PHA120/20L PG1,2,0.0
828,5352204,INTERTHANE 990 PHA120/20L PG2,2,0.0
829,5352206,INTERTHANE 990 PHA120/5L PG1,1,0.0
830,5352207,INTERTHANE 990 PHA120/5L PG2,1,0.0
831,5352213,INTERTHANE 990 PHA130/20L PG1,2,0.0
832,5352214,INTERTHANE 990 PHA130/20L PG2,2,0.0
833,5352216,INTERTHANE 990 PHA130/5L PG1,1,0.0
834,5352217,INTERTHANE 990 PHA130/5L PG2,1,0.0
835,5352222,INTERTHANE 990 PHA140/20L PG1,2,0.0
836,5352224,INTERTHANE 990 PHA140/5L PG1,1,0.0
837,5352228,INTERTHANE 990 PHA150/20L PG6,2,0.0
838,5352230,INTERTHANE 990 PHA150/5L PG5,1,0.0
839,5352231,INTERTHANE 990 PHA150/5L PG6,1,0.0
840,5352238,INTERTHANE 990 PHA190/20L PG6,2,0.0
841,5352240,INTERTHANE 990 PHA190/5L PG5,1,0.0
842,5352241,INTERTHANE 990 PHA190/5L PG6,1,0.0
843,5352246,INTERTHANE 870 QGA100/20L PG1,2,0.0
844,5352247,INTERTHANE 870 QGA100/20L PG3,2,0.0
845,5352248,INTERTHANE 870 QGA100/20L PG5,2,0.0
846,5352255,INTERTHANE 870 QGA130/20L PG1,2,0.0
847,5352257,INTERTHANE 870 QGA130/5L PG1,1,0.0
848,5352260,INTERFINE 979 SYA100/20L PG5,2,0.0
849,5352275,INTERFINE 878 SZA130/20L PG1,2,0.0
850,5353527,INTERLAC 665 CLA121/20L PG3,2,0.0
851,5353528,INTERLAC 665 CLA121/5L PG3,1,0.0
852,5353529,INTERLAC 665 CLA131/20L PG4,2,0.0
853,5353530,INTERLAC 665 CLA131/5L PG4,1,0.0
854,5353531,INTERLAC 665 CLA131/5L PG5,1,0.0
855,5353532,INTERLAC 665 CLA151/5L PG5,1,0.0
856,5353533,INTERGARD 740 ECA106/5L PG1,1,0.0
857,5353534,INTERGARD 740 ECA106/5L PG4,1,0.0
858,5353536,INTERGARD 740 ECA121/20L PG3,2,0.0
859,5353537,INTERGARD 740 ECA121/20L PG4,2,0.0
860,5353538,INTERGARD 740 ECA121/5L PG3,1,0.0
861,5353539,INTERGARD 740 ECA121/5L PG4,1,0.0
862,5353544,INTERGARD 740 ECA131/20L PG2,2,0.0
863,5353545,INTERGARD 740 ECA131/5L PG5,1,0.0
864,5353549,INTERGARD 740 ECA151/5L PG5,1,0.0
865,5353551,INTERFINE 629 HRA100/20L PG5,2,0.0
866,5353553,INTERFINE 629 HRA130/5L PG1,1,0.0
867,5353554,INTERFINE 629 HRA130/5L PG6,1,0.0
868,5353556,INTERFINE 629 HRA151/5L PG6,1,0.0
869,5353558,INTERSHEEN 579 LAA106/20L PG3,2,0.0
870,5353559,INTERSHEEN 579 LAA106/5L PG3,1,0.0
871,5353560,INTERSHEEN 579 LAA106/5L PG4,1,0.0
872,5353561,INTERSHEEN 579 LAA106/5L PG6,1,0.0
873,5353562,INTERSHEEN 579 LAA121/20L PG4,2,0.0
874,5353563,INTERSHEEN 579 LAA121/5L PG2,1,0.0
875,5353564,INTERSHEEN 579 LAA121/5L PG3,1,0.0
876,5353565,INTERSHEEN 579 LAA121/5L PG4,1,0.0
877,5353566,INTERTHANE 990 PHA120/20L PG3,2,0.0
878,5353567,INTERTHANE 990 PHA120/5L PG5,1,0.0
879,5353570,INTERTHANE 990 PHA130/20L PG4,2,0.0
880,5353571,INTERTHANE 990 PHA130/20L PG5,2,0.0
881,5353572,INTERTHANE 990 PHA130/5L PG4,1,0.0
882,5353573,INTERTHANE 990 PHA130/5L PG5,1,0.0
883,5353578,INTERTHANE 990 PHA140/20L PG2,2,0.0
884,5353579,INTERTHANE 990 PHA140/20L PG6,2,0.0
885,5353580,INTERTHANE 990 PHA140/5L PG2,1,0.0
886,5353581,INTERTHANE 990 PHA140/5L PG6,1,0.0
887,5353586,INTERTHANE 990 PHA150/20L PG4,2,0.0
888,5353587,INTERTHANE 990 PHA150/20L PG5,2,0.0
889,5353588,INTERTHANE 990 PHA150/5L PG1,1,0.0
890,5353589,INTERTHANE 990 PHA150/5L PG4,1,0.0
891,5353593,INTERTHANE 990 PHA190/5L PG4,1,0.0
892,5353597,INTERTHANE 870 QGA130/5L PG2,1,0.0
893,5355787,HS COLORANT PRIMARY GVA904/5L/EU,1,0.0
894,5357475,INTERGARD 251HS/2511 KGA801/5L/XA,1,6.7788
895,5357942,INTERTHANE 1009 RHA046/5L/RI,1,0.0
896,5360892,INTERPLUS 4102 ODIN GEL GMA412/25L/RP,1,25.0
897,5361673,Intersmooth 7670 SPC BEA969/20L/RP,2,0.0
898,5372435,INTERCLENE 155 BWA500/5L/HA,1,0.0
899,5373832,INTERNATIONAL GVA127/5KG/HA,14,0.0
900,5373856,INTERTHERM 715 HAA720/5L/HA,1,0.0
901,5380373,INTERZONE 954GF ZFA004/20L/RP,2,0.0
902,5380497,INTERPLATE 317 NQA317/20L/RP,2,0.0
903,5380966,INTERZONE 954 EAA904/20L PG5,2,0.0
904,5380994,INTERPLATE 317 NQA311/20L/RP,2,0.0
905,5381489,INTERTHANE 1009 RHB000/5L/RP,1,0.0
906,5381492,INTERTHANE 1009 RHA046/1L/RP,4,0.0
907,5382266,INTERZONE 954GF ZFA001/20L/RI,2,0.0
908,5382826,INTERZONE 954GF ZFA046/5L/RI,1,0.0
909,5382827,CEILCOTE 282 FLAKELINE NCA166/20L/RI,2,0.0
910,5382828,CEILCOTE 282 FLAKELINE NCA154/20L/RI,2,0.0
911,5383097,CEILCOTE 282 FLAKELINE NCA183/20L/RI,2,0.0
912,5386003,INTERZONE 485 EAA485/20L/AM,2,0.0
913,5386064,INTERZONE 954 EAXN53/20L/AM,2,0.0
914,5387308,INTERNATIONAL 003 GVA124/5L/AM,1,0.0
915,5387309,INTERNATIONAL 003 GVA126/5L/AM,1,0.0
916,5387310,INTERNATIONAL 003 GVA127/5L/AM,1,0.0
917,5387314,INTERNATIONAL 003 GVA142/5L/AM,1,0.0
918,5387317,INTERNATIONAL 003 GVA147/5L/AM,1,0.0
919,5387318,INTERNATIONAL 003 GVA149/5L/AM,1,0.0
920,5387504,INTERFINE 629 HRA046/2.5L/AM,1,0.0
921,5387514,INTERFINE 629 HRA130/5L/AM,1,0.0
922,5387527,INTERFINE 629 HRB141/5L/AM,1,0.0
923,5387561,INTERTHERM 3350 HTA335/20L/UH,2,0.0
924,5388945,INTERTHANE 990 PHA120/5L/AM,1,0.0
925,5389209,INTERFINE 979 SYA056/1L/AM,4,0.0
926,5389225,INTERFINE 979 SYA130/5L/AM,1,0.0
927,5395079,CEILCOTE 232 FLAKELINE NCA109/20L/RI,2,0.0
928,5395573,INTERTHANE 1009 RHD704/20L/RI,2,0.0
929,5485110,Interzinc 52E Part B EPA827/1L/AM,4,0.0
930,5485111,Interzinc 52E Grey Part A EPA824/10L/AM,5,0.0
931,5485671,INTERZONE 954 EAB117/20L/XA,2,26.22
932,5499624,INTERTHANE 990 AEROSOL B132PH/1BX/Z1,12,0.0
933,5500329,INTERZONE 954 AEROSOL EAA751/1BX/Z1,12,0.389
934,5500332,INTERZONE 954 AEROSOL EAA757/1BX/Z1,12,0.0
935,5500338,INTERZONE 954 AEROSOL EAA784/1BX/Z1,12,0.105
936,5502159,INTERTHERM 2205 HTA205/5L/EU,1,7.2
937,5502161,INTERTHERM 2205 HTA206/1L/EU,4,0.987
938,5505150,INTERTHANE 990 AEROSOL PHA146/1BX/Z1,12,0.0
939,5511245,INTERNATIONAL 003 GVA134/5L/EU,1,0.0
940,5511288,INTERTHANE 990 PHA150/5L/EU,1,0.0
941,5519147,INTERBOND 1202UPC HTA166/1L/RI,4,0.494
942,5538492,INTERTHANE 1009 RHA22A/20L/RP,2,0.0
943,5538519,INTERTHANE 1009 RHA22A/5L/RP,1,0.0
944,5538522,INTERTHERM 228HS HTA542/20L/XA,2,0.0
945,5541153,INTERSMOOTH 7465HS SPC BEA777/15L/KCE,1,0.0
946,5541164,INTERSMOOTH 7475SI SPC BEA847/15L/KCE,1,0.0
947,5547662,INTERSEAL 1122 GMA112/15L/KC,1,0.0
948,5547674,INTERSEAL 3377 GMA377/15L/KC,1,0.0
949,5548096,CHARTEK 1709 HCA179/17.85KG/KC,10,17.85
950,5548817,INTERGARD 9600 KNA962/15L/KC,1,0.0
951,5557278,INTERSWIFT 6800HS BLACK BMA689/5L/RP,1,0.0
952,5557652,CHARTEK 7 302120/17.74KG/RR,6,0.0
953,5557654,CHARTEK 7 302130/14.52KG/RR,8,0.0
954,5567094,ENVIROLINE 124 NVA125/10L/RI,5,0.0
955,5567096,ENVIROLINE 124 NVA102/20L/RI,2,0.0
956,5574965,INTERLAC 665 CLA106/5L/XA,1,4.601
957,5574983,INTERLAC 665 CLA121/5L/XA,1,5.0895
958,5574989,INTERLAC 665 CLA131/20L/XA,2,0.0
959,5575034,INTERGARD 740 ECA106/5L/XA,1,5.0845
960,5575035,INTERGARD 740 ECA106/20L/XA,2,20.338
961,5575099,INTERGARD 740 ECA131/5L/XA,1,5.724
962,5575120,INTERGARD 740 ECA131/20L/XA,2,22.896
963,5575554,INTERNATIONAL GVA134/5L/XA,1,8.025
964,5575555,INTERTHANE 990 PHA140/5L/XA,1,5.22108333333333
965,5575556,INTERTHANE 990 PHA130/5L/XA,1,5.062
966,5575557,INTERTHANE 990 PHA140/20L/XA,2,0.0
967,5575558,INTERTHANE 990 PHA100/20L/XA,2,0.0
968,5575564,INTERTHANE 990 PHA100/5L/XA,1,4.152
969,5576681,INTERLAC 665 CLA131/5L/XA,1,5.512
970,5577014,INTERSWIFT 6800HS BMA689/5L/XA,1,8.8305
971,5578634,INTERTHANE 990E RUA11A/20L/RP,2,0.0
972,5578635,INTERTHANE 990E RUA046/5L/RP,1,0.0
973,5578636,INTERTHANE 990E RUA22A/5L/RP,1,0.0
974,5578637,INTERTHANE 990E RUA22A/20L/RP,2,0.0
975,5578638,INTERTHANE 990E RUA44A/5L/RP,1,0.0
976,5578639,INTERTHANE 990E RUA046/1L/RP,4,0.0
977,5578640,INTERTHANE 990E RUA11A/5L/RP,1,0.0
978,5578689,INTERTHANE 990E RUA44A/20L/RP,2,0.0
979,5580907,INTERTHANE 990E RUB000/20L/RP,2,0.0
980,5585463,INTERZINC 52E EPA827/1L/XA,4,0.95
981,5585470,INTERZINC 52E EPA824/10L/XA,5,21.591
982,5586496,INTERZINC 42 EPA043/1L/RI,4,0.0
983,5586537,INTERTHERM 3070 HTA130/20L/RI,2,0.0
984,5586825,INTERSMOOTH 7670 SPC BEA967/20L/XA,2,30.422
985,5587421,INTERSMOOTH 7670 SPC BEA964/20L/XA,2,30.339
986,5587425,INTERCEPT 8500 LPP LPP867/20L/XA,2,0.0
987,5587438,INTERCEPT 8500 LPP LPP864/20L/XA,2,0.0
988,5587656,INTERTHANE 990E RUA22A/20L PG1,2,0.0
989,5588368,INTERSMOOTH 7200Si SPC BEA827/20L/XA,2,0.0
990,5594919,CEILCOTE 222GF FLAKELINE NCA022/20L/RI,2,0.0
991,5616116,INTERSPEED 6400 BQA649/20L/XA,2,0.0
992,5619357,INTERTHANE 990E RUA22A/5L/XA,1,0.0
993,5619358,INTERTHANE 990E RUB000/5L/XA,1,6.71325
994,5619401,INTERTHANE 990E RUA44A/5L/XA,1,5.54933333333333
995,5619405,INTERTHANE 990E RUB000/20L/XA,2,0.0
996,5619406,INTERTHANE 990E RUA22A/20L/XA,2,0.0
997,5619407,INTERTHANE 990E RUA046/5L/XA,1,0.0
998,5619408,INTERTHANE 990E RUA046/1L/XA,4,0.611
999,5620056,INTERTHANE 990 PHA190/5L/XA,1,3.87
1000,5622691,INTERPRIME 312 CPA312/5L/XA,1,6.5225
1001,5622692,INTERZONE 954 EAC065/20L/XA,2,29.71
1002,5622737,INTERBOND 2340UPC HTA342/20L/XA,2,19.65
1003,5622739,INTERTHANE 5013 PHA276/5L/XA,1,7.011
1004,5622740,INTERTHANE 5013 PHA297/1L/XA,4,0.555
1005,5622748,INTERSLEEK 1001 BXA103/3L/XA,7,0.0
1006,5622749,INTERSLEEK 1001 BXA107/10L/XA,5,0.0
1007,5622759,INTERBOND 2340UPC HTA340/5L/XA,1,3.88
1008,5622760,INTERBOND 2340UPC HTA341/20L/XA,2,19.611
1009,5622764,INTERSMOOTH 7670 SPC BEA969/20L/XA,2,30.08
1010,5622765,INTERSMOOTH 7670 SPC BEA969/5L/XA,1,7.52
1011,5622766,INTERSLEEK 1001 BXA104/1L/XA,4,0.0
1012,5622769,INTERSLEEK 731 BXA730/10L/XA,5,0.0
1013,5622770,INTERSLEEK 731 BXA732/10L/XA,5,0.0
1014,5622813,INTERSLEEK 1100SR FXA990/10L/XA,5,0.0
1015,5622816,INTERSLEEK 1100SR FXA993/3L/XA,7,1.4975
1016,5622817,INTERSLEEK 1100SR FXA994/1L/XA,4,1.0095
1017,5622819,INTERSLEEK 1100SR FXA997/10L/XA,5,7.539
1018,5622821,INTERSLEEK 1100SR FXA999/10L/XA,5,0.0
1019,5622823,INTERTHERM 751CSA HTA398/5L/XA,1,0.0
1020,5622841,INTERTHANE 987 PLZ684/5L/XA,1,5.22739130434783
1021,5622848,INTERSLEEK 731 BXA731/5L/XA,1,0.0
1022,5622868,INTERLAC 665 CLM96L/20L/XA,2,0.0
1023,5622917,INTERLAC 665 CLA151/5L/XA,1,4.4409
1024,5622922,INTERZONE 954 EAA914/20L/XA,2,0.0
1025,5622923,INTERGARD 740 ECA151/20L/XA,2,0.0
1026,5622924,INTERGARD 740 ECA151/5L/XA,1,0.0
1027,5622926,INTERZONE 505 EGA858/20L/XA,2,15.866
1028,5622936,INTERLAC 678 HVA022/5L/XA,1,0.0
1029,5622949,INTERTHANE 870 QGA130/20L/XA,2,0.0
1030,5622955,INTERLINE 994 TCA993/20L/XA,2,30.677
1031,5622956,INTERLINE 994 TCA994/20L/XA,2,30.694
1032,5622960,INTERLINE 984 THA987/10L/XA,5,9.551
1033,5622967,INTERSMOOTH 7460HS SPC BEA754/20L/XA,2,0.0
1034,5622968,INTERSMOOTH 7460HS SPC BEA757/20L/XA,2,0.0
1035,5622970,INTERSMOOTH 7475SI SPC BEA844/20L/XA,2,37.626
1036,5622971,INTERSMOOTH 7475Si SPC BEA847/20L/XA,2,38.133
1037,5622978,INTERZONE 954 EAA935/20L/XA,2,0.0
1038,5622990,INTERZONE 505 EGA886/10L/XA,5,0.0
1039,5623006,INTERSTORES EPOXY PRIMER ISA450/20L/XA,2,0.0
1040,5623037,INTERPLATE 317 NQA311/20L/XA,2,0.0
1041,5623038,INTERPLATE 317 NQA311/5L/XA,1,0.0
1042,5623048,INTERBOND 2340UPC HTA346/1.3L/XA,3,0.944
1043,5623081,INTERLINE 704 THA700/5L/XA,1,4.12338888888889
1044,5623084,INTERSHIELD 300 ENA303/3L/1.43/XA,7,1.329875
1045,5623085,INTERSTORES EPOXY PRIMER ISA420/20L/XA,2,0.0
1046,5623087,INTERZINC 52 EPA142/10L/XA,5,23.741
1047,5623089,INTERZONE 954 EAA904/20L/XA,2,0.0
1048,5623090,INTERZONE 954 EAA934/20L/XA,2,0.0
1049,5623091,INTERZONE 954 EAA934/5L/XA,1,0.0
1050,5623092,INTERZONE 954 EAA953/20L/XA,2,28.168
1051,5623097,INTERTHERM 875 HAB000/5L/XA,1,0.0
1052,5623103,INTERPLATE 317 NQA317/10L/XA,5,0.0
1053,5623104,INTERPLATE 317 NQA317/5L/XA,1,0.0
1054,5623105,INTERZONE 505 EGA881/20L/XA,2,16.501
1055,5623109,INTERGARD 475HS EVA531/20L/XA,2,26.011
1056,5623110,INTERGARD 475HS EVA531/5L/XA,1,6.503
1057,5623113,INTERSEAL 670HS EGA150/5L/XA,1,0.0
1058,5623132,INTERTUF 262 KHA304/5L/XA,1,5.966
1059,5623137,INTERSTORES EPOXY PRIMER ISA426/5L/XA,1,0.0
1060,5623140,INTERGARD 475HS EVA520/20L/XA,2,25.963
1061,5623141,INTERGARD 475HS EVA520/5L/XA,1,0.0
1062,5623157,INTERTHANE 987 PLA046/1L/XA,4,0.757
1063,5623161,INTERSEAL 670HS EGA105/20L/XA,2,25.887
1064,5623162,INTERSEAL 670HS EGA105/5L/XA,1,0.0
1065,5623163,INTERSEAL 670HS EGA130/20L/XA,2,27.702
1066,5623164,INTERSEAL 670HS EGA130/5L/XA,1,6.9255
1067,5623165,INTERSEAL 670HS EGA231/20L/XA,2,28.73
1068,5623166,INTERSEAL 670HS EGA231/5L/XA,1,7.1825
1069,5623167,INTERSHEEN 579 LAA106/20L/XA,2,19.413
1070,5623168,INTERSHEEN 579 LAA106/5L/XA,1,4.855
1071,5623172,INTERSHEEN 579 LAA131/5L/XA,1,5.383
1072,5623180,INTERNATIONAL GTA853/5L/XA,1,4.109
1073,5623184,INTERZONE 954GF ZFA001/20L/XA,2,23.66
1074,5623186,INTERZONE 954GF ZFA004/20L/XA,2,0.0
1075,5623632,INTERTHANE 990E RUD704/20L/XA,2,0.0
1076,5624238,INTERLAC 665 CLM96L/5L/XA,1,0.0
1077,5624288,INTERSHIELD 300HS ENA373/5L/XA,1,4.0995
1078,5674090,CHARTEK 7 302120/17.74KG/EU/RR,6,0.0
1079,5675045,CHARTEK 7 302130/14.52KG/EU/RR,8,0.0
1080,5675046,INTERCHAR 212 HCA212/17.85KG/EU/RR,10,0.0
1081,5680534,INTERBOND 2340UPC HTA346/5L/XA,1,4.7205
1082,5680535,INTERBOND 2340UPC HTA340/20L/XA,2,19.401
1083,5688268,INTERNATIONAL THINNER GTA803/5L/MJ,1,4.0955
1084,5691408,INTERLAC 665 CLR764/5L/XA,1,0.0
1085,5691489,INTERZONE 954 EAA904/5L/XA,1,0.0
1086,5691490,INTERZONE 954 EAA914/5L/XA,1,0.0
1087,5693101,INTERTHANE 990 PHO201/5L/XA,1,0.0
1088,5693141,INTERTHANE 990 PHZ540/5L/XA,1,4.71144444444444
1089,5694861,INTERSHIELD 300 ENA300/5L/3.57/XA,1,4.69779661016949
1090,5694862,INTERSHIELD 300 ENA301/5L/3.57/XA,1,4.65210273972603
1091,5694864,INTERSHIELD 300HS ENA370/20L/12.5/XA,2,18.0
1092,5694888,INTERLINE 984 THA982/10L/XA,5,0.0
1093,5695288,INTERTHANE 990E RUB000/5L/RP,1,0.0
1094,5701098,INTERSEAL 670HS EGA247/3L/MJ,7,2.94
1095,5701099,INTERSEAL 670HS EGA247/1L/MJ,4,0.735
1096,5701100,INTERNATIONAL THINNER GTA004/20L/MJ,2,0.0
1097,5701101,INTERNATIONAL THINNER GTA004/5L/MJ,1,3.885
1098,5714805,INTERNATIONAL THINNER GTA007/5L/MJ,1,4.325
1099,5714806,INTERNATIONAL THINNER GTA123/5L/MJ,1,4.84
1100,5714807,INTERNATIONAL THINNER GTA007/20L/MJ,2,0.0
1101,5714810,INTERNATIONAL THINNER GTA220/5L/MJ,1,4.26489552238806
1102,5714811,INTERNATIONAL THINNER GTA220/20L/MJ,2,17.022
1103,5714812,INTERNATIONAL THINNER GTA203/20L/MJ,2,16.2
1104,5716762,INTERSEAL 670HS EGA105/5L/TH,1,0.0
1105,5716764,INTERSEAL 670HS EGA130/5L/TH,1,0.0
1106,5716766,INTERSEAL 670HS EGA150/5L/TH,1,0.0
1107,5716775,INTERSEAL 670HS EGA247/1L/TH,4,0.0
1108,5716776,INTERSEAL 670HS EGA247/3L/TH,7,0.0
1109,5716783,INTERGARD 475HS EVA531/20L/TH,2,0.0
1110,5716784,INTERGARD 475HS EVA531/5L/TH,1,0.0
1111,5716791,INTERSHEEN 579 LAB000/20L/TH,2,0.0
1112,5716792,INTERSHEEN 579 LAB000/5L/TH,1,5.632
1113,5718568,INTERNATIONAL THINNER GTA733/5L/MJ,1,4.34078260869565
1114,5724944,INTERZONE 954GF ZFA006/20L/TH,2,0.0
1115,5725718,INTERNATIONAL THINNER GTA713/20L/MJ,2,17.3
1116,5725936,INTERNATIONAL THINNER GTA733/20L/MJ,2,17.434
1117,5732204,INTERGARD 269 EGA088/5L/TH,1,0.0
1118,5732205,INTERGARD 269/276 EGA089/1L/TH,4,0.0
1119,5732229,INTERZINC 52 EPA142/10L/TH,5,0.0
1120,5732261,INTERGARD 263/162 FAA262/5L/TH,1,0.0
1121,5732262,INTERGARD 263 FAJ034/20L/TH,2,0.0
1122,5732271,INTERNATIONAL GTA007/20L/TH,2,0.0
1123,5732395,INTERTHANE 3230G MDA011/5L/TH,1,6.05542857142857
1124,5732397,INTERTHANE 3230HG/G/SG/M MDA046/1L/TH,4,0.757285714285714
1125,5732420,I'THANE 990/990FD/990S PHA046/5L/TH,1,0.0
1126,5732430,INTERTHANE 990 PHA150/5L/TH,1,0.0
1127,5732869,INTERLINE 994 TCA993/20L/TH,2,0.0
1128,5732870,INTERLINE 994 TCA994/20L/TH,2,0.0
1129,5732871,INTERLINE 994 TCA995/5L/TH,1,0.0
1130,5760876,INTERTHANE 990 PHA150/5L/XA,1,4.139
1131,5760881,INTERTHANE 990 PHA150/20L/XA,2,16.58
1132,5760992,INTERZONE 954GF ZFA006/20L/XA,2,21.84
1133,5765550,INTERGARD 7500 KUA752/20L/XA,2,0.0
1134,5765587,INTERGARD 7500 KUA750/20L/XA,2,0.0
1135,5765588,INTERGARD 7500 KUA759/5L/XA,1,0.0
1136,5779901,INTERZONE 954GF ZFA046/5L/XA,1,3.497
1137,5779905,INTERZONE 954GF ZFA003/20L/XA,2,23.688
1138,5794953,CHARTEK 1709 HCA179/17.85KG/XA,10,17.85
1139,5794954,CHARTEK 1709 HCA180/14.3KG/XA,9,14.3
1140,5800088,INTERZINC 2280 QHA080/10L/RI,5,0.0
1141,6394301,CHARTEK HK-1 MESH 132.5MTS/D/KC 168 Sqm,11,13.1
1142,5061314,INTERTHERM 751CSA HTA399/120M/Z1,15,0.0
1143,5344982,INTERSLEEK 1001 BXA103/2L/RP,16,0.0
1144,5346861,INTERNATIONAL GMA100/1KG/RP,17,0.0
1145,5346866,INTERNATIONAL GMA129 GMA129/1KG/RP,17,0.0
1146,5346874,INTERNATIONAL GMA131/1KG/RP,17,0.0
1147,5347107,CHARTEK 2218 HCA022/20KG/KC,18,0.0
1148,5347111,CHARTEK 2218 HCA026/20KG/KC,18,0.0
1149,5347144,CHARTEK 7E HCA756/13.36KG/KC,19,0.0
1150,5347145,CHARTEK 7E HCA764/18.32KG/KCE,20,0.0
1151,5347262,INTERBOND 1202UPC HTA126/0.068L/RP,21,0.0
1152,5347330,INTERTHERM 751CSA HTA399/0.068L/RP,21,0.0
1153,5347879,INTERGARD 7500 KUA759/4L/KC,22,0.0
1154,5348275,CEILCOTE 800 NCA800/1GL/UH,23,0.0
1155,5348297,CEILCOTE FG MAT NGA002/30KG/RI,24,0.0
1156,5348300,CEILCOTE S-11 NGA013/22.7KG/RP,25,0.0
1157,5348340,ENVIROLINE 225 NVA233/5GL/UH,28,0.0
1158,5348382,ENVIROLINE 405HTR NVA463/12L/RI,16,0.0
1159,5348396,ENVIROLINE 405HTR NVA465/6L/RI,27,0.0
1160,5350550,INTERLINE 955 TEA075/50ML/RP,29,0.0
1161,5359018,HK-2-MESH NGA210/1EA,30,0.0
1162,5359280,INTERNATIONAL GVA127/4L/RP,22,0.0
1163,5359326,INTERNATIONAL GVA122/4L/RP,22,0.0
1164,5359327,INTERNATIONAL GVA124/4L/RP,22,0.0
1165,5359328,INTERNATIONAL GVA126/4L/RP,22,0.0
1166,5359329,INTERNATIONAL GVA140/4L/RP,22,0.0
1167,5359330,INTERNATIONAL GVA142/4L/RP,22,0.0
1168,5359331,INTERNATIONAL GVA145/4L/RP,22,0.0
1169,5359332,INTERNATIONAL GVA146/4L/RP,22,0.0
1170,5359333,INTERNATIONAL GVA149/4L/RP,22,0.0
1171,5359334,INTERNATIONAL GVA322/4L/RP,22,0.0
1172,5359335,INTERNATIONAL GVA480/4L/RP,22,0.0
1173,5359629,INTERNATIONAL GVA147/4L/RP,22,0.0
1174,5386006,INTERZONE 485 EAA486/4L/AM,22,0.0
1175,5387343,POLIBRID GT FABRIC GXA707/1EA/3FT/UH,30,0.0
1176,5388906,POLIBRID 705 PEA700/A1125ML/AM,31,0.0
1177,5548822,INTERGARD 9600 KNA968/4L/KC,22,0.0
1178,5563225,INTERNATIONAL MIXCOAT/1EA/AM,30,0.0
1179,5606790,CEILCOTE #2 Hardener NCA002/12.5OZ/UH,32,0.0
1180,5606797,CEILCOTE #2 Hardener NCA003/12.5OZ/UH,32,0.0
1181,5606884,CEILCOTE 222GF NCA022/5GL/UH,28,0.0
1182,5606978,CEILCOTE 380 NCA061/5GL/UH,28,0.0
1183,5607019,CEILCOTE 232 NCA109/5GL/UH,28,0.0
1184,5675260,INTERCHAR 212 HCA213/14.30KG/EU/RR,24,0.0
1185,5732272,INTERNATIONAL GTA007/4L/TH,22,0.0
1186,5732274,INTERNATIONAL GTA123/4L/TH,22,0.0
1187,5732289,INTERNATIONAL GTA853/4L/TH,22,0.0
1188,5732567,INTERZINC 22 QHA027/2.44L/TH,22,0.0
1189,5794948,CHARTEK 2218 HCA022/20KG/XA,18,0.0
1190,5794949,CHARTEK 2218 HCA026/20KG/XA,18,0.0
1191,6379250,HK-1M MESH 901492/1EA/KC,30,0.0
1192,6379274,HK-1 MESH HK-1(M) 140MTS/D/KC 168sqm,35,0.0
